<?xml version="1.0" encoding="UTF-8"?>
<GenRun Id="synth_1" LaunchPart="xc7a100tcsg324-1" LaunchTime="1544145606">
  <File Type="PA-TCL" Name="exam_2_top.tcl"/>
  <File Type="RDS-PROPCONSTRS" Name="exam_2_top_drc_synth.rpt"/>
  <File Type="REPORTS-TCL" Name="exam_2_top_reports.tcl"/>
  <File Type="RDS-RDS" Name="exam_2_top.vds"/>
  <File Type="RDS-UTIL" Name="exam_2_top_utilization_synth.rpt"/>
  <File Type="RDS-UTIL-PB" Name="exam_2_top_utilization_synth.pb"/>
  <File Type="RDS-DCP" Name="exam_2_top.dcp"/>
  <File Type="VDS-TIMINGSUMMARY" Name="exam_2_top_timing_summary_synth.rpt"/>
  <File Type="VDS-TIMING-PB" Name="exam_2_top_timing_summary_synth.pb"/>
  <FileSet Name="sources" Type="DesignSrcs" RelSrcDir="$PSRCDIR/sources_1">
    <Filter Type="Srcs"/>
    <File Path="$PSRCDIR/sources_1/new/exam_2.vhd">
      <FileInfo>
        <Attr Name="UsedIn" Val="synthesis"/>
        <Attr Name="UsedIn" Val="simulation"/>
      </FileInfo>
    </File>
    <File Path="$PSRCDIR/sources_1/new/exam_2_top.vhd">
      <FileInfo>
        <Attr Name="UsedIn" Val="synthesis"/>
        <Attr Name="UsedIn" Val="simulation"/>
      </FileInfo>
    </File>
    <Config>
      <Option Name="DesignMode" Val="RTL"/>
      <Option Name="TopModule" Val="exam_2_top"/>
      <Option Name="TopAutoSet" Val="TRUE"/>
    </Config>
  </FileSet>
  <FileSet Name="constrs_in" Type="Constrs" RelSrcDir="$PSRCDIR/constrs_1">
    <Filter Type="Constrs"/>
    <File Path="$PPRDIR/../Nexys4DDR_Master.xdc">
      <FileInfo>
        <Attr Name="UsedIn" Val="synthesis"/>
        <Attr Name="UsedIn" Val="implementation"/>
      </FileInfo>
    </File>
    <Config>
      <Option Name="ConstrsType" Val="XDC"/>
    </Config>
  </FileSet>
  <Strategy Version="1" Minor="2">
    <StratHandle Name="Vivado Synthesis Defaults" Flow="Vivado Synthesis 2018"/>
    <Step Id="synth_design"/>
  </Strategy>
</GenRun>
